ItemCode,ItemName,ForeignName,ItemsGroupCode,ItemType,PurchaseItem,SalesItem,InventoryItem,ShipType,ManageSerialNumbers,ManageBatchNumbers,IsPhantom,ItemClass,MaterialType,NCMCode,ProductSource,PurchaseUnit,PurchaseItemsPerUnit,SalesUnit,SalesItemsPerUnit,InventoryUOM,MinInventory,MaxInventory,PlanningSystem,ProcurementMethod,OrderMultiple,MinOrderQuantity,LeadTime,User_Text
ItemCode,ItemName,FrgnName,ItmsGrpCod,ItemType,PrchseItem,SellItem,InvntItem,ShipType,ManSerNum,ManBtchNum,Phantom,ItemClass,MatType,NCMCode,ProductSrc,BuyUnitMsr,NumInBuy,SalUnitMsr,NumInSale,InvntryUom,MinLevel,MaxLevel,PlaningSys,PrcrmntMtd,OrdrMulti,MinOrdrQty,LeadTime,UserText
I126,Higienizador de assento KC 300MLX 2,,111,I,Y,N,Y,,N,N,N,itcMaterial,4,,0,,1,,1,,,,,,,,,
I127,Higienizador de mãos  KIMCARE SPRAY **Inativo**,,105,I,Y,N,Y,,N,N,N,itcMaterial,4,,0,,1,,1,,,,,,,,,
I131,Impressos e Material de Escritório,,103,I,Y,N,N,,N,N,N,itcMaterial,4,,0,,1,,1,,,,,,,,,
I134,Instrumentos Musicais,,103,I,Y,N,N,,N,N,N,itcMaterial,4,,0,,1,,1,,,,,,,,,
I139,Jornais e Revistas,,103,I,Y,N,N,,N,N,N,itcMaterial,4,,0,,1,,1,,,,,,,,,
I147,Limpeza & Conservação,,103,I,Y,N,N,,N,N,N,itcMaterial,4,,0,,1,,1,,,,,,,,,
I148,Limpeza de bebedoro,,103,I,Y,Y,Y,,N,N,N,itcMaterial,4,,0,,1,,1,,,,,,,,,
I491,LU Health One Clinic - On Premise,,100,I,Y,Y,N,,N,N,N,itcMaterial,4,,0,,1,,1,,,,,,,,,
I492,LU Health One Hospital - On Premise,,100,I,Y,Y,N,,N,N,N,itcMaterial,4,,0,,1,,1,,,,,,,,,
I493,LU Build One - On Premise,,100,I,Y,Y,N,,N,N,N,itcMaterial,4,,0,,1,,1,,,,,,,,,
I494,LU MS - SQL por usuário,,100,I,Y,Y,N,,N,N,N,itcMaterial,4,,0,,1,,1,,,,,,,,,
I495,LU MS - SQL por CPU,,100,I,Y,Y,N,,N,N,N,itcMaterial,4,,0,,1,,1,,,,,,,,,
I496,LU BankSync On Premise,,100,I,Y,Y,N,,N,N,N,itcMaterial,4,,0,,1,,1,,,,,,,,,
I499,LU F0024 Combo 1 - (T1 + 1 produto) CNPJ Filial,,100,I,Y,Y,N,,N,N,N,itcMaterial,4,,0,,1,,1,,,,,,,,,
I500,LU F0024 Combo 1 - (T1 + 1 produto) CNPJ Coligada,,100,I,Y,Y,N,,N,N,N,itcMaterial,4,,0,,1,,1,,,,,,,,,
I501,LU F0024  Combo 2 - (T1 + 2 produtos) CNPJ Matriz,,100,I,Y,Y,N,,N,N,N,itcMaterial,4,,0,,1,,1,,,,,,,,,
I502,LU F0024 Combo 2 - (T1 + 2 produtos) CNPJ Filial,,100,I,Y,Y,N,,N,N,N,itcMaterial,4,,0,,1,,1,,,,,,,,,
I503,LU F0024 Combo 2 - (T1 + 2 produtos) CNPJ Coligada,,100,I,Y,Y,N,,N,N,N,itcMaterial,4,,0,,1,,1,,,,,,,,,
I504,LU F0024  Combo 3 - (T1 + 3 produtos) CNPJ Matriz,,100,I,Y,Y,N,,N,N,N,itcMaterial,4,,0,,1,,1,,,,,,,,,
I505,LU F0024 Combo 3 - (T1 + 3 produtos) CNPJ Filial,,100,I,Y,Y,N,,N,N,N,itcMaterial,4,,0,,1,,1,,,,,,,,,
I506,LU F0024 Combo 3 - (T1 + 3 produtos) CNPJ Coligada,,100,I,Y,Y,N,,N,N,N,itcMaterial,4,,0,,1,,1,,,,,,,,,
I507,LU F0024 Triple One - CNPJ Matriz,,100,I,Y,Y,N,,N,N,N,itcMaterial,4,,0,,1,,1,,,,,,,,,
I508,LU F0024 Triple One - CNPJ Filial,,100,I,Y,Y,N,,N,N,N,itcMaterial,4,,0,,1,,1,,,,,,,,,
I509,LU F0024 Triple One - CNPJ Coligada,,100,I,Y,Y,N,,N,N,N,itcMaterial,4,,0,,1,,1,,,,,,,,,
I510,LU F0024 PC One - CNPJ Matriz,,100,I,Y,Y,N,,N,N,N,itcMaterial,4,,0,,1,,1,,,,,,,,,
I511,LU F0024 PC One - CNPJ Filial,,100,I,Y,Y,N,,N,N,N,itcMaterial,4,,0,,1,,1,,,,,,,,,
I512,LU F0024 PC One - CNPJ Coligada,,100,I,Y,Y,N,,N,N,N,itcMaterial,4,,0,,1,,1,,,,,,,,,
I513,LU F0024 FCT-1 - CNPJ Matriz,,100,I,Y,Y,N,,N,N,N,itcMaterial,4,,0,,1,,1,,,,,,,,,
I514,LU F0024 FCT-1 - CNPJ Filial,,100,I,Y,Y,N,,N,N,N,itcMaterial,4,,0,,1,,1,,,,,,,,,
I515,LU F0024 FCT-1 - CNPJ Coligada,,100,I,Y,Y,N,,N,N,N,itcMaterial,4,,0,,1,,1,,,,,,,,,
I517,LU F0024 NF-e - CNPJ Filial,,100,I,Y,Y,N,,N,N,N,itcMaterial,4,,0,,1,,1,,,,,,,,,
I518,LU F0024 NF-e - CNPJ Coligada,,100,I,Y,Y,N,,N,N,N,itcMaterial,4,,0,,1,,1,,,,,,,,,
I519,LU F0024 NFS-e - CNPJ Matriz,,100,I,Y,Y,N,,N,N,N,itcMaterial,4,,0,,1,,1,,,,,,,,,
I520,LU F0024 NFS-e - CNPJ Filial,,100,I,Y,Y,N,,N,N,N,itcMaterial,4,,0,,1,,1,,,,,,,,,
I521,LU F0024 NFS-e - CNPJ Coligada,,100,I,Y,Y,N,,N,N,N,itcMaterial,4,,0,,1,,1,,,,,,,,,
I522,LU F0024 FCI One - CNPJ Matriz,,100,I,Y,Y,N,,N,N,N,itcMaterial,4,,0,,1,,1,,,,,,,,,
I523,LU F0024 FCI One - CNPJ Filial,,100,I,Y,Y,N,,N,N,N,itcMaterial,4,,0,,1,,1,,,,,,,,,
I524,LU F0024 FCI One - CNPJ Coligada,,100,I,Y,Y,N,,N,N,N,itcMaterial,4,,0,,1,,1,,,,,,,,,
I525,LU F0024 Importador XML - CNPJ Matriz,,100,I,Y,Y,N,,N,N,N,itcMaterial,4,,0,,1,,1,,,,,,,,,
I526,LU F0024 Importador XML - CNPJ Filial,,100,I,Y,Y,N,,N,N,N,itcMaterial,4,,0,,1,,1,,,,,,,,,
I527,LU F0024 Importador XML - CNPJ Coligada,,100,I,Y,Y,N,,N,N,N,itcMaterial,4,,0,,1,,1,,,,,,,,,
I528,LU F0024 NF-e - Extreme (CNPJ Matriz),,100,I,Y,Y,N,,N,N,N,itcMaterial,4,,0,,1,,1,,,,,,,,,
I529,LU F0024 NF-e - Extreme (CNPJ Filial),,100,I,Y,Y,N,,N,N,N,itcMaterial,4,,0,,1,,1,,,,,,,,,
I530,LU F0024 NF-e - Extreme (CNPJ Coligada),,100,I,Y,Y,N,,N,N,N,itcMaterial,4,,0,,1,,1,,,,,,,,,
I531,LU F0024 NFS-e - Extreme (CNPJ Matriz),,100,I,Y,Y,N,,N,N,N,itcMaterial,4,,0,,1,,1,,,,,,,,,
I532,LU F0024 NFS-e - Extreme (CNPJ Filial),,100,I,Y,Y,N,,N,N,N,itcMaterial,4,,0,,1,,1,,,,,,,,,
I533,LU F0024 NFS-e - Extreme (CNPJ Coligada),,100,I,Y,Y,N,,N,N,N,itcMaterial,4,,0,,1,,1,,,,,,,,,
I534,LU F0024 Importador XML -  Extreme (CNPJ Matriz),,100,I,Y,Y,N,,N,N,N,itcMaterial,4,,0,,1,,1,,,,,,,,,
I535,LU F0024 Importador XML - Extreme (CNPJ Filial),,100,I,Y,Y,N,,N,N,N,itcMaterial,4,,0,,1,,1,,,,,,,,,
I536,LU F0024 Importador XML - Extreme (CNPJ Coligada),,100,I,Y,Y,N,,N,N,N,itcMaterial,4,,0,,1,,1,,,,,,,,,
I537,LU F0024 NF-e - Extreme,,100,I,Y,Y,N,,N,N,N,itcMaterial,4,,0,,1,,1,,,,,,,,,
I538,LU F0024 NFS-e - Extreme,,100,I,Y,Y,N,,N,N,N,itcMaterial,4,,0,,1,,1,,,,,,,,,
I539,LU F0024 Importador XML -  Extreme,,100,I,Y,Y,N,,N,N,N,itcMaterial,4,,0,,1,,1,,,,,,,,,
I540,LU F0024 Triple One - On Demand,,100,I,Y,Y,N,,N,N,N,itcMaterial,4,,0,,1,,1,,,,,,,,,
I541,LU F0024 PC One - On Demand,,100,I,Y,Y,N,,N,N,N,itcMaterial,4,,0,,1,,1,,,,,,,,,
I542,LU F0024 FCT-1 - On Demand,,100,I,Y,Y,N,,N,N,N,itcMaterial,4,,0,,1,,1,,,,,,,,,
I543,LU F0024 NF-e - On Demand,,100,I,Y,Y,N,,N,N,N,itcMaterial,4,,0,,1,,1,,,,,,,,,
I544,LU F0024 NFS-e - On Demand,,100,I,Y,Y,N,,N,N,N,itcMaterial,4,,0,,1,,1,,,,,,,,,
I545,LU F0024 FCI One - On Demand,,100,I,Y,Y,N,,N,N,N,itcMaterial,4,,0,,1,,1,,,,,,,,,
I546,LU F0024 ECF - On Demand,,100,I,Y,Y,N,,N,N,N,itcMaterial,4,,0,,1,,1,,,,,,,,,
I547,LU F0024 Importador XML - On Demand,,100,I,Y,Y,N,,N,N,N,itcMaterial,4,,0,,1,,1,,,,,,,,,
I548,LU F0146 NF-e - On Demand,,100,I,Y,Y,N,,N,N,N,itcMaterial,4,,0,,1,,1,,,,,,,,,
I549,LU F0146 NFS-e - On Demand,,100,I,Y,Y,N,,N,N,N,itcMaterial,4,,0,,1,,1,,,,,,,,,
I550,LU F0146 NFC-e - On Demand,,100,I,Y,Y,N,,N,N,N,itcMaterial,4,,0,,1,,1,,,,,,,,,
I551,LU F0146 Importador XML - On Demand,,100,I,Y,Y,N,,N,N,N,itcMaterial,4,,0,,1,,1,,,,,,,,,
I552,LU F0146 Tax One - On Demand,,100,I,Y,Y,N,,N,N,N,itcMaterial,4,,0,,1,,1,,,,,,,,,
I553,LU F0146 Sales One - On Demand,,100,I,Y,Y,N,,N,N,N,itcMaterial,4,,0,,1,,1,,,,,,,,,
I554,LU F0146 Combo Invocie One 1 - (NF-e + Tax One) - On Demand,,100,I,Y,Y,N,,N,N,N,itcMaterial,4,,0,,1,,1,,,,,,,,,
I555,LU F316 SFA + NF-e - On Demand,,100,I,Y,Y,N,,N,N,N,itcMaterial,4,,0,,1,,1,,,,,,,,,
I556,LU F316 NF-e - On Demand,,100,I,Y,Y,N,,N,N,N,itcMaterial,4,,0,,1,,1,,,,,,,,,
I557,LU F316 NFS-e - On Demand,,100,I,Y,Y,N,,N,N,N,itcMaterial,4,,0,,1,,1,,,,,,,,,
I558,LU F316 Cte On Demand,,100,I,Y,Y,N,,N,N,N,itcMaterial,4,,0,,1,,1,,,,,,,,,
I559,LU F316 ECF - On Demand,,100,I,Y,Y,N,,N,N,N,itcMaterial,4,,0,,1,,1,,,,,,,,,
I560,LU F316 Importador XML - On Demand,,100,I,Y,Y,N,,N,N,N,itcMaterial,4,,0,,1,,1,,,,,,,,,
I561,LU F316 Pav One,,100,I,Y,Y,N,,N,N,N,itcMaterial,4,,0,,1,,1,,,,,,,,,
I562,LU F316 AF One,,100,I,Y,Y,N,,N,N,N,itcMaterial,4,,0,,1,,1,,,,,,,,,
I563,LU RH F0365 Folha + Beneficios - On Premise,,100,I,Y,Y,N,,N,N,N,itcMaterial,4,,0,,1,,1,,,,,,,,,
I564,LU RH F0365 Ponto Eletronico - On Premise,,100,I,Y,Y,N,,N,N,N,itcMaterial,4,,0,,1,,1,,,,,,,,,
I565,LU RH F0365 Medicina e Seguranca do Trabalho - On Premise,,100,I,Y,Y,N,,N,N,N,itcMaterial,4,,0,,1,,1,,,,,,,,,
I566,LU RH F0365 Folha + Beneficios - On Demand,,100,I,Y,Y,N,,N,N,N,itcMaterial,4,,0,,1,,1,,,,,,,,,
I567,LU RH F0365 Ponto Eletronico - On Demand,,100,I,Y,Y,N,,N,N,N,itcMaterial,4,,0,,1,,1,,,,,,,,,
I568,LU RH F0365 Medicina e Seguranca do Trabalho - On Demand,,100,I,Y,Y,N,,N,N,N,itcMaterial,4,,0,,1,,1,,,,,,,,,
I569,LU F0365 Portal RH,,100,I,Y,Y,N,,N,N,N,itcMaterial,4,,0,,1,,1,,,,,,,,,
I570,LU NG Folha  0 até 100 Funcionários / até 5 CNPJs,,100,I,Y,Y,N,,N,N,N,itcMaterial,4,,0,,1,,1,,,,,,,,,
I571,LU NG Folha  101 até 300 Funcionários / até 5 CNPJs,,100,I,Y,Y,N,,N,N,N,itcMaterial,4,,0,,1,,1,,,,,,,,,
I572,LU NG Folha  301 até 500 Funcionários / até 5 CNPJs,,100,I,Y,Y,N,,N,N,N,itcMaterial,4,,0,,1,,1,,,,,,,,,
I573,LU NG Folha  501 até 1000 Funcionários / até 5 CNPJs,,100,I,Y,Y,N,,N,N,N,itcMaterial,4,,0,,1,,1,,,,,,,,,
I574,LU B1 Plus - On Premise,,100,I,Y,Y,N,,N,N,N,itcMaterial,4,,0,,1,,1,,,,,,,,,
I575,LU B1 Up - On Premise,,100,I,Y,Y,N,,N,N,N,itcMaterial,4,,0,,1,,1,,,,,,,,,
I577,LU Superabank - On Premise,,100,I,Y,Y,N,,N,N,N,itcMaterial,4,,0,,1,,1,,,,,,,,,
I579,Mensalidade LU Supera,,100,I,Y,Y,N,,N,N,N,itcMaterial,4,,0,,1,,1,,,,,,,,,
I580,LU F0314 Apps,,100,I,Y,Y,N,,N,N,N,itcMaterial,4,,0,,1,,1,,,,,,,,,
I581,LU Siscomex - On Premise,,100,I,Y,Y,N,,N,N,N,itcMaterial,4,,0,,1,,1,,,,,,,,,
I582,LU Siscomex - On Demand,,100,I,Y,Y,N,,N,N,N,itcMaterial,4,,0,,1,,1,,,,,,,,,
I583,LU Siscoserv - On Premise,,100,I,Y,Y,N,,N,N,N,itcMaterial,4,,0,,1,,1,,,,,,,,,
I584,LU Siscoserv - On Demand,,100,I,Y,Y,N,,N,N,N,itcMaterial,4,,0,,1,,1,,,,,,,,,
I585,Mensalidade LU Siscomex,,100,I,Y,Y,N,,N,N,N,itcMaterial,4,,0,,1,,1,,,,,,,,,
I586,Mensalidade LU Siscoserv,,100,I,Y,Y,N,,N,N,N,itcMaterial,4,,0,,1,,1,,,,,,,,,
I587,Manutenção Anual - LU F0022 Professional,,100,I,Y,Y,N,,N,N,N,itcMaterial,4,,0,,1,,1,,,,,,,,,
I588,Manutenção Anual - LU F0022 Limited,,100,I,Y,Y,N,,N,N,N,itcMaterial,4,,0,,1,,1,,,,,,,,,
I589,Manutenção Anual - LU F0022 Indiretc Access,,100,I,Y,Y,N,,N,N,N,itcMaterial,4,,0,,1,,1,,,,,,,,,
I590,Manutenção Anual - LU Health One Clinic,,100,I,Y,Y,N,,N,N,N,itcMaterial,4,,0,,1,,1,,,,,,,,,
I591,Manutenção Anual - LU Health One Hospital,,100,I,Y,Y,N,,N,N,N,itcMaterial,4,,0,,1,,1,,,,,,,,,
I592,Manutenção Anual - LU Build One,,100,I,Y,Y,N,,N,N,N,itcMaterial,4,,0,,1,,1,,,,,,,,,
I593,Manutenção Anual - LU MS SQL por usuário,,100,I,Y,Y,N,,N,N,N,itcMaterial,4,,0,,1,,1,,,,,,,,,
I594,Manutenção Anual - LU MS SQL por CPU,,100,I,Y,Y,N,,N,N,N,itcMaterial,4,,0,,1,,1,,,,,,,,,
I595,Manutenção Anual - LU BankSync,,100,I,Y,Y,N,,N,N,N,itcMaterial,4,,0,,1,,1,,,,,,,,,
I596,Manutenção Anual - LU F0365,,100,I,Y,Y,N,,N,N,N,itcMaterial,4,,0,,1,,1,,,,,,,,,
I597,Manutenção Anual - LU B1 Plus,,100,I,Y,Y,N,,N,N,N,itcMaterial,4,,0,,1,,1,,,,,,,,,
I599,Mensalidade Prontuário Web,,100,I,Y,Y,N,,N,N,N,itcMaterial,4,,0,,1,,1,,,,,,,,,
I600,Mensalidade NG Folha  0 até 100 Funcionários / até 5 CNPJs,,100,I,Y,Y,N,,N,N,N,itcMaterial,4,,0,,1,,1,,,,,,,,,
I601,Mensalidade NG Folha  101 até 300 Funcionários / até 5 CNPJs,,100,I,Y,Y,N,,N,N,N,itcMaterial,4,,0,,1,,1,,,,,,,,,
I602,Mensalidade NG Folha  301 até 500 Funcionários / até 5 CNPJs,,100,I,Y,Y,N,,N,N,N,itcMaterial,4,,0,,1,,1,,,,,,,,,
I603,Mensalidade NG Folha  501 até 1000 Funcionários / até 5 CNPJs,,100,I,Y,Y,N,,N,N,N,itcMaterial,4,,0,,1,,1,,,,,,,,,
I604,Mensalidade LU F0024  Combo 1 - (T1 + 1 produto) CNPJ Matriz,,100,I,Y,Y,N,,N,N,N,itcMaterial,4,,0,,1,,1,,,,,,,,,
I605,Mensalidade LU F0024 Combo 1 - (T1 + 1 produto) CNPJ Filial,,100,I,Y,Y,N,,N,N,N,itcMaterial,4,,0,,1,,1,,,,,,,,,
I606,Mensalidade LU F0024 Combo 1 - (T1 + 1 produto) CNPJ Coligada,,100,I,Y,Y,N,,N,N,N,itcMaterial,4,,0,,1,,1,,,,,,,,,
I607,Mensalidade LU F0024  Combo 2 - (T1 + 2 produtos) CNPJ Matriz,,100,I,Y,Y,N,,N,N,N,itcMaterial,4,,0,,1,,1,,,,,,,,,
I608,Mensalidade LU F0024 Combo 2 - (T1 + 2 produtos) CNPJ Filial,,100,I,Y,Y,N,,N,N,N,itcMaterial,4,,0,,1,,1,,,,,,,,,
I609,Mensalidade LU F0024 Combo 2 - (T1 + 2 produtos) CNPJ Coligada,,100,I,Y,Y,N,,N,N,N,itcMaterial,4,,0,,1,,1,,,,,,,,,
I610,Mensalidade LU F0024  Combo 3 - (T1 + 3 produtos) CNPJ Matriz,,100,I,Y,Y,N,,N,N,N,itcMaterial,4,,0,,1,,1,,,,,,,,,
I611,Mensalidade LU F0024 Combo 3 - (T1 + 3 produtos) CNPJ Filial,,100,I,Y,Y,N,,N,N,N,itcMaterial,4,,0,,1,,1,,,,,,,,,
I612,Mensalidade LU F0024 Combo 3 - (T1 + 3 produtos) CNPJ Coligada,,100,I,Y,Y,N,,N,N,N,itcMaterial,4,,0,,1,,1,,,,,,,,,
I613,Mensalidade LU F0024 Fiscal Triple One - CNPJ Matriz,,100,I,Y,Y,N,,N,N,N,itcMaterial,4,,0,,1,,1,,,,,,,,,
I614,Mensalidade LU F0024 Fiscal Triple One - CNPJ Filial,,100,I,Y,Y,N,,N,N,N,itcMaterial,4,,0,,1,,1,,,,,,,,,
I615,Mensalidade LU F0024 Fiscal Triple One - CNPJ Coligada,,100,I,Y,Y,N,,N,N,N,itcMaterial,4,,0,,1,,1,,,,,,,,,
I617,Mensalidade LU F0024 Importador XML - CNPJ Filial,,100,I,Y,Y,N,,N,N,N,itcMaterial,4,,0,,1,,1,,,,,,,,,
I618,Mensalidade LU F0024 Importador XML - CNPJ Coligada,,100,I,Y,Y,N,,N,N,N,itcMaterial,4,,0,,1,,1,,,,,,,,,
I620,Prestação de Serviços - Consultoria Avulsa,,100,I,Y,Y,N,,N,N,N,itcMaterial,4,,0,,1,,1,,,,,,,,,
I621,Prestação de Serviços - Suporte Avançado Health One,,100,I,Y,Y,N,,N,N,N,itcMaterial,4,,0,,1,,1,,,,,,,,,
I623,LU Health One Professional - On Premise (OEM),,100,I,Y,Y,N,,N,N,N,itcMaterial,4,,0,,1,,1,,,,,,,,,
I624,LU Health One Limited - On Premise (OEM),,100,I,Y,Y,N,,N,N,N,itcMaterial,4,,0,,1,,1,,,,,,,,,
I625,LU Health One Indirect Access - (OEM),,100,I,Y,Y,N,,N,N,N,itcMaterial,4,,0,,1,,1,,,,,,,,,
I626,LU Build One Professional - On Premise (OEM),,100,I,Y,Y,N,,N,N,N,itcMaterial,4,,0,,1,,1,,,,,,,,,
I627,LU Build One Limited - On Premise (OEM),,100,I,Y,Y,N,,N,N,N,itcMaterial,4,,0,,1,,1,,,,,,,,,
I628,LU Build One Indirect Access - On Premise (OEM),,100,I,Y,Y,N,,N,N,N,itcMaterial,4,,0,,1,,1,,,,,,,,,
I629,Manutenção Anual - LU Health One Professional - On Premise (OEM),,100,I,Y,Y,N,,N,N,N,itcMaterial,4,,0,,1,,1,,,,,,,,,
I630,Manutenção Anual - LU Health One Limited - On Premise (OEM),,100,I,Y,Y,N,,N,N,N,itcMaterial,4,,0,,1,,1,,,,,,,,,
I631,Manutenção Anual - LU Health One Indirect Access - On Premise (OEM),,100,I,Y,Y,N,,N,N,N,itcMaterial,4,,0,,1,,1,,,,,,,,,
I632,Manutenção Anual - LU Build One Professional - On Premise (OEM),,100,I,Y,Y,N,,N,N,N,itcMaterial,4,,0,,1,,1,,,,,,,,,
I633,Manutenção Anual - LU Build One Limited - On Premise (OEM),,100,I,Y,Y,N,,N,N,N,itcMaterial,4,,0,,1,,1,,,,,,,,,
I634,Manutenção Anual - LU Build One Indirect Access - On Premise (OEM),,100,I,Y,Y,N,,N,N,N,itcMaterial,4,,0,,1,,1,,,,,,,,,
I635,LU Get One On Demand,,100,I,Y,Y,N,,N,N,N,itcMaterial,4,,0,,1,,1,,,,,,,,,
I636,Manutenção Mensal SAP Business One - SaaS,,100,I,Y,Y,N,,N,N,N,itcMaterial,4,,0,,1,,1,,,,,,,,,
I639,LU SAP Serviços Banho e Tosa,,100,I,Y,Y,Y,,N,N,N,itcMaterial,4,,0,,1,,1,,,,,,,,,
I640,LU F0022 Indirect Acess - OEM,,100,I,Y,Y,N,,N,N,N,itcMaterial,4,,0,,1,,1,,,,,,,,,
I641,LU F0022 Limited Logistic - OEM,,100,I,Y,Y,N,,N,N,N,itcMaterial,4,,0,,1,,1,,,,,,,,,
I642,LU F0022 Limited CRM - PMC,,100,I,Y,Y,Y,,N,N,N,itcMaterial,4,,0,,1,,1,,,,,,,,,
I643,LU F0022 Limited Financial - PMC,,100,I,Y,Y,N,,N,N,N,itcMaterial,4,,0,,1,,1,,,,,,,,,
I644,LU F0022 - Trace One - Professional,,100,I,Y,Y,N,,N,N,N,itcMaterial,4,,0,,1,,1,,,,,,,,,
I645,LU SAP PDV,,100,I,Y,Y,N,,N,N,N,itcMaterial,4,,0,,1,,1,,,,,,,,,
I646,LU F0022 Upgrade Professional - SaaS,,100,I,Y,Y,Y,,N,N,N,itcMaterial,4,,0,,1,,1,,,,,,,,,
I647,Manutenção On Premise - INATIVO,,100,I,Y,Y,Y,,N,N,N,itcMaterial,4,,0,,1,,1,,,,,,,,,
I648,Manutenção Triple One,,100,I,Y,Y,Y,,N,N,N,itcMaterial,4,,0,,1,,1,,,,,,,,,
I649,LU F0022 Limited CRM - OEM,,100,I,Y,Y,Y,,N,N,N,itcMaterial,4,,0,,1,,1,,,,,,,,,
I650,LU F0022 Limited Financial - OEM,,100,I,Y,Y,Y,,N,N,N,itcMaterial,4,,0,,1,,1,,,,,,,,,
I651,Papel Sulfite A4 - Rino (Gaveteiro),,100,I,Y,Y,Y,,N,N,N,itcMaterial,4,,0,,1,,1,,,,,,,,,
I652,Cola Bastão 20g,,100,I,Y,Y,Y,,N,N,N,itcMaterial,4,,0,,1,,1,,,,,,,,,
I653,Mensalidade LU F0024 Combo 7 - (T1 + 6 produtos) CNPJ Matriz,,100,I,Y,Y,N,,N,N,N,itcMaterial,4,,0,,1,,1,,,,,,,,,
I654,LU F0022 Limited Financial - On Premisse OEM,,100,I,Y,Y,N,,N,N,N,itcMaterial,4,,0,,1,,1,,,,,,,,,
I656,Manutenção Mensal - Intercompany,,100,I,Y,Y,N,,N,N,N,itcMaterial,4,,0,,1,,1,,,,,,,,,
I657,Taxa de Manutenção,,100,I,Y,Y,N,,N,N,N,itcMaterial,4,,0,,1,,1,,,,,,,,,
I659,?,,100,I,Y,Y,Y,,N,N,N,itcMaterial,4,,0,,1,,1,,,,,,,,,
I660,?,,100,I,Y,Y,Y,,N,N,N,itcMaterial,4,,0,,1,,1,,,,,,,,,
I664,LU Google,,100,I,Y,Y,N,,N,N,N,itcMaterial,4,,0,,1,,1,,,,,,,,,
I665,SAP Business One OEM License Agreement,,100,I,Y,N,Y,,N,N,N,itcMaterial,4,,6,Unidade Monetaria,1,,1,,,,,,,,,
I666,LU F0022 Limited Logistic - On Premisse,,100,I,Y,Y,N,,N,N,N,itcMaterial,4,,0,,1,,1,,,,,,,,,
I667,LU F0022 Limited Financial - On Premisse,,100,I,Y,Y,N,,N,N,N,itcMaterial,4,,0,,1,,1,,,,,,,,,
I668,LU F0022 - Limited - On Premisse,,100,I,Y,Y,N,,N,N,N,itcMaterial,4,,0,,1,,1,,,,,,,,,
I669,LU F0022 Limited Logistic - PMC,,100,I,Y,Y,N,,N,N,N,itcMaterial,4,,0,,1,,1,,,,,,,,,
I671,Prestação de Serviços - Desenvolvimento,,100,I,Y,Y,N,,N,N,N,itcMaterial,4,,0,,1,,1,,,,,,,,,
I672,Higienizador de assento KC 300MLX 2,,100,I,Y,Y,N,,N,N,N,itcMaterial,4,,0,,1,,1,,,,,,,,,
I673,LU Health One Limited - Logistic (OEM),,100,I,Y,Y,Y,,N,N,N,itcMaterial,4,,0,,1,,1,,,,,,,,,
I674,LU Health One Limited - Financial (OEM),,100,I,Y,Y,Y,,N,N,N,itcMaterial,4,,0,,1,,1,,,,,,,,,
I675,HD SATA Purple 2TB 6GB/s IntelliPower 64MB - WD20PURX,,100,I,Y,Y,N,,N,N,N,itcMaterial,4,,0,,1,,1,,,,,,,,,
I676,Memória ECC REG Dell 16GB DDR3 1333Mhz KTD-PE313LV/16G,,100,I,Y,Y,N,,N,N,N,itcMaterial,4,,0,,1,,1,,,,,,,,,
I677,LU B1 Up - Print & Delivery,,100,I,Y,Y,N,,N,N,N,itcMaterial,4,,0,,1,,1,,,,,,,,,
I678,LU F0022 Upgrade Professional - OEM,,100,I,Y,Y,N,,N,N,N,itcMaterial,4,,0,,1,,1,,,,,,,,,
I679,LU F0353 - Humanus,,100,I,Y,Y,N,,N,N,N,itcMaterial,4,,0,,1,,1,,,,,,,,,
I682,?,,100,I,Y,Y,Y,,N,N,N,itcMaterial,4,,0,,1,,1,,,,,,,,,
I683,?,,100,I,Y,Y,Y,,N,N,N,itcMaterial,4,,0,,1,,1,,,,,,,,,
I684,?,,100,I,Y,Y,Y,,N,N,N,itcMaterial,4,,0,,1,,1,,,,,,,,,
I685,?,,100,I,Y,Y,Y,,N,N,N,itcMaterial,4,,0,,1,,1,,,,,,,,,
I686,?,,100,I,Y,Y,Y,,N,N,N,itcMaterial,4,,0,,1,,1,,,,,,,,,
I687,?,,100,I,Y,Y,Y,,N,N,N,itcMaterial,4,,0,,1,,1,,,,,,,,,
I691,?,,100,I,Y,Y,Y,,N,N,N,itcMaterial,4,,0,,1,,1,,,,,,,,,
I692,Clips 2/0 Galvanizado Linha Leve c/ 720 unidades - Bacchi,,100,I,Y,Y,N,,N,N,N,itcMaterial,4,,0,,1,,1,,,,,,,,,
I693,Envelope Plástico 4 furos - pacote c/100 unidades,,100,I,Y,Y,N,,N,N,N,itcMaterial,4,,0,,1,,1,,,,,,,,,
I694,Durex 12mmx30mm - 1 unidade 3M,,100,I,Y,Y,N,,N,N,N,itcMaterial,4,,0,,1,,1,,,,,,,,,
I699,LU F0440 - Cloud Field Services Starter + 1 Connector SAP,,100,I,Y,N,N,,N,N,N,itcMaterial,4,,0,,1,,1,,,,,,,,,
I703,LU NG Folha - Ambiente Cloud,,100,I,Y,N,N,,N,N,N,itcMaterial,4,,0,,1,,1,,,,,,,,,
I704,LU F0024 - NF-e Importador de Xml e Adm. De Documentos                                   ,,100,I,Y,N,N,,N,N,N,itcMaterial,4,,0,,1,,1,,,,,,,,,
I709,Fita Adesiva - 12mmx10mm,,100,I,Y,N,N,,N,N,N,itcMaterial,4,,0,,1,,1,,,,,,,,,
I710,Post It - Bloco Adesivo 76x76mm,,100,I,Y,Y,N,,N,N,N,itcMaterial,4,,0,,1,,1,,,,,,,,,
I711,Prancheta Fibra Acrílico A4,,100,I,Y,Y,N,,N,N,N,itcMaterial,4,,0,,1,,1,,,,,,,,,
I712,Fita Adesiva Empacotadora - 48mmx50mm,,100,I,Y,Y,N,,N,N,N,itcMaterial,4,,0,,1,,1,,,,,,,,,
I713,Grampo Trilho Plástico Branco p/ 600 Folhas,,100,I,Y,Y,N,,N,N,N,itcMaterial,4,,0,,1,,1,,,,,,,,,
I714,Almofadas p/ assento e encosto de banco,,100,I,Y,Y,N,,N,N,N,itcMaterial,4,,0,,1,,1,,,,,,,,,
I715,Headset,,100,I,Y,Y,N,,N,N,N,itcMaterial,4,,0,,1,,1,,,,,,,,,
I717,Higienizador de mãos  KIMCARE SPRAY,,100,I,Y,Y,N,,N,N,N,itcMaterial,4,,0,,1,,1,,,,,,,,,
I719,Capa de Webcam,,100,I,Y,N,N,,N,N,N,itcMaterial,4,,0,,1,,1,,,,,,,,,
I720,Caixa Tampa Solta em MDF - 155X08X08                                                     ,,100,I,Y,N,N,,N,N,N,itcMaterial,4,,0,,1,,1,,,,,,,,,
I721,Caixa Tampa Solta em MDF - 195x145x06                                                   ,,100,I,Y,Y,N,,N,N,N,itcMaterial,4,,0,,1,,1,,,,,,,,,
I722,Caixa Tampa Solta em MDF - 315x245x65                                                  ,,100,I,Y,Y,N,,N,N,N,itcMaterial,4,,0,,1,,1,,,,,,,,,
I724,Copo Vidro Duplo,,100,I,Y,Y,N,,N,N,N,itcMaterial,7,,0,,1,,1,,,,,,,,,
I725,Máscaras de Tecido,,100,I,Y,Y,N,,N,N,N,itcMaterial,7,,0,,1,,1,,,,,,,,,
I727,Carregador HUB,,100,I,Y,Y,N,,N,N,N,itcMaterial,1,,0,,1,,1,,,,,,,,,
I729,Papel Higienico Interfolhado 250 Folhas,,117,I,Y,N,Y,,N,N,N,itcMaterial,7,,0,,1,,1,,,,,,,,,
I730,Papel Toalha Interfolhado 200 Folhas,,117,I,Y,N,Y,,N,N,N,itcMaterial,7,,0,,1,,1,,,,,,,,,
I731,Odorizador Aerosol,,117,I,Y,N,Y,,N,N,N,itcMaterial,7,,0,,1,,1,,,,,,,,,
I732,Camiseta Personalizada,,117,I,Y,Y,Y,,N,N,N,itcMaterial,1,,0,,1,,1,,,,,,,,,
I733,Ecobag Personalizada,,117,I,Y,Y,Y,,N,N,N,itcMaterial,1,,0,,1,,1,,,,,,,,,
I734,Troféu Personalizado,,117,I,Y,Y,Y,,N,N,N,itcMaterial,1,,0,,1,,1,,,,,,,,,
I735,Sacola Personalizada,,117,I,Y,Y,Y,,N,N,N,itcMaterial,1,,0,,1,,1,,,,,,,,,
I736,Copo Personalizado,,117,I,Y,Y,Y,,N,N,N,itcMaterial,1,,0,,1,,1,,,,,,,,,
I737,Carregador Via Indução Personalizado,,117,I,Y,Y,Y,,N,N,N,itcMaterial,1,,0,,1,,1,,,,,,,,,
I738,Babador Personalizado,,100,I,Y,Y,N,,N,N,N,itcMaterial,7,,0,,1,,1,,,,,,,,,
I739,Bottons Personalizados,,117,I,Y,Y,N,,N,N,N,itcMaterial,7,,0,,1,,1,,,,,,,,,
I740,Sachê de Açúcar,,100,I,Y,Y,Y,,N,N,N,itcMaterial,10,,0,,1,,1,,,,,,,,,
I741,Adesivos Personalizados,,117,I,Y,Y,Y,,N,N,N,itcMaterial,7,,0,,1,,1,,,,,,,,,
I742,Placa de Homenagem,,100,I,Y,Y,Y,,N,N,N,itcMaterial,7,,0,,1,,1,,,,,,,,,
I743,Impressão de Cartões de Natal,,100,I,Y,Y,Y,,N,N,N,itcMaterial,1,,0,,1,,1,,,,,,,,,
I744,Fone de ouvido c/ microfone,,117,I,Y,Y,N,,N,N,N,itcMaterial,1,,0,,1,,1,,,,,,,,,
I745,Comissões e Corretagens,,121,I,Y,Y,N,,N,N,N,itcMaterial,1,,0,,1,,1,,,,,,,,,
I752,Webcam Full HD,,117,I,Y,Y,N,,N,N,N,itcMaterial,7,,0,,1,,1,,,,,,,,,
I753,Dockstation 3 Em 1 P/ 2,,117,I,Y,Y,N,,N,N,N,itcMaterial,7,,0,,1,,1,,,,,,,,,
I754,Memória Para Notebook 8 GB,,117,I,Y,Y,N,,N,N,N,itcMaterial,7,,0,,1,,1,,,,,,,,,
I755,Memória Para Notebook 16 GB,,117,I,Y,Y,N,,N,N,N,itcMaterial,7,,0,,1,,1,,,,,,,,,
I756,Pisos e Revestimentos,,100,I,Y,Y,N,,N,N,N,itcMaterial,4,,0,,1,,1,,,,,,,,,
I759,Materiais e Equipamentos,,117,I,Y,N,N,,N,N,N,itcMaterial,7,,0,,1,,1,,,,,,,,,
S0365,Mensalidade LU F0024 Fiscal Triple One - CNPJ Coligada (G2ANA),,118,I,Y,Y,N,,N,N,N,itcService,1,,0,,1,,1,,,,,,,,,
S0366,Mensalidade LU F0024 Fiscal Triple One - CNPJ Coligada (G2INFO),,118,I,Y,Y,N,,N,N,N,itcService,1,,0,,1,,1,,,,,,,,,
S0367,Mensalidade LU F0024 Fiscal Triple One - CNPJ Coligada (G2TEC),,118,I,Y,Y,Y,,N,N,N,itcService,1,,0,,1,,1,,,,,,,,,
S0368,Mensalidade LU F0024 Importador XML - CNPJ Matriz (G2ANA),,118,I,Y,Y,N,,N,N,N,itcService,1,,0,,1,,1,,,,,,,,,
S0369,Mensalidade LU F0024 Importador XML - CNPJ Matriz (G2INFO),,118,I,Y,Y,N,,N,N,N,itcService,1,,0,,1,,1,,,,,,,,,
S0370,Mensalidade LU F0024 Importador XML - CNPJ Matriz (G2TEC),,118,I,Y,Y,Y,,N,N,N,itcService,1,,0,,1,,1,,,,,,,,,
S0371,Mensalidade LU F0024 Importador XML - CNPJ Filial (G2ANA),,118,I,Y,Y,N,,N,N,N,itcService,1,,0,,1,,1,,,,,,,,,
S0372,Mensalidade LU F0024 Importador XML - CNPJ Filial (G2INFO),,118,I,Y,Y,N,,N,N,N,itcService,1,,0,,1,,1,,,,,,,,,
S0373,Mensalidade LU F0024 Importador XML - CNPJ Filial (G2TEC),,118,I,Y,Y,Y,,N,N,N,itcService,1,,0,,1,,1,,,,,,,,,
S0374,Manutenção Anual - LU B1 Plus (G2ANA),,118,I,Y,Y,N,,N,N,N,itcService,1,,0,,1,,1,,,,,,,,,
S0375,Manutenção Anual - LU B1 Plus,,118,I,Y,Y,N,,N,N,N,itcService,1,,0,,1,,1,,,,,,,,,
S0376,LU Build One Professional - On Premise (OEM/G2ANA),,118,I,Y,Y,N,,N,N,N,itcService,1,,0,,1,,1,,,,,,,,,
S0377,LU Build One Professional - On Premise (OEM/G2INFO),,118,I,Y,Y,N,,N,N,N,itcService,1,,0,,1,,1,,,,,,,,,
S0378,LU Build One Professional - On Premise (OEM/G2TEC),,118,I,Y,Y,Y,,N,N,N,itcService,1,,0,,1,,1,,,,,,,,,
S0379,LU Build One Limited - On Premise (OEM/G2ANA),,118,I,Y,Y,N,,N,N,N,itcService,1,,0,,1,,1,,,,,,,,,
S0380,LU Build One Limited - On Premise (OEM/G2INFO),,118,I,Y,Y,N,,N,N,N,itcService,1,,0,,1,,1,,,,,,,,,
S0381,LU Build One Limited - On Premise (OEM/G2TEC),,118,I,Y,Y,Y,,N,N,N,itcService,1,,0,,1,,1,,,,,,,,,
S0382,LU Build One Indirect Access - On Premise (OEM/G2ANA),,118,I,Y,Y,N,,N,N,N,itcService,1,,0,,1,,1,,,,,,,,,
S0383,LU Build One Indirect Access - On Premise (OEM/G2INFO),,118,I,Y,Y,N,,N,N,N,itcService,1,,0,,1,,1,,,,,,,,,
S0384,LU Build One Indirect Access - On Premise (OEM/G2TEC),,118,I,Y,Y,Y,,N,N,N,itcService,1,,0,,1,,1,,,,,,,,,
S0385,Manutenção Anual - LU Build One Professional - On Premise (OEM/G2ANA),,118,I,Y,Y,N,,N,N,N,itcService,1,,0,,1,,1,,,,,,,,,
S0386,Manutenção Anual - LU Build One Professional - On Premise (OEM),,118,I,Y,Y,N,,N,N,N,itcService,1,,0,,1,,1,,,,,,,,,
S0387,Manutenção Anual - LU Build One Limited - On Premise (OEM/G2ANA),,118,I,Y,Y,N,,N,N,N,itcService,1,,0,,1,,1,,,,,,,,,
S0388,Manutenção Anual - LU Build One Limited - On Premise (OEM),,118,I,Y,Y,N,,N,N,N,itcService,1,,0,,1,,1,,,,,,,,,
S0389,LU SAP Business One - Fiscal (G2ANA),,118,I,Y,Y,N,,N,N,N,itcService,1,,0,,1,,1,,,,,,,,,
S0390,LU SAP Business One - Fiscal (G2INFO),,118,I,Y,Y,N,,N,N,N,itcService,1,,0,,1,,1,,,,,,,,,
S0391,LU SAP Business One - Fiscal (G2TEC),,118,I,Y,Y,N,,N,N,N,itcService,1,,0,,1,,1,,,,,,,,,
S0392,LU SAP B1 Back Office (G2ANA),,118,I,Y,Y,N,,N,N,N,itcService,1,,0,,1,,1,,,,,,,,,
S0393,LU SAP B1 Back Office (G2INFO),,118,I,Y,Y,N,,N,N,N,itcService,1,,0,,1,,1,,,,,,,,,
S0394,LU SAP B1 Back Office (G2TEC),,118,I,Y,Y,Y,,N,N,N,itcService,1,,0,,1,,1,,,,,,,,,
S0395,Mensalidade LU F0024 Importador XML - CNPJ Coligada (G2ANA),,118,I,Y,Y,N,,N,N,N,itcService,1,,0,,1,,1,,,,,,,,,
S0396,Mensalidade LU F0024 Importador XML - CNPJ Coligada (G2INFO),,118,I,Y,Y,N,,N,N,N,itcService,1,,0,,1,,1,,,,,,,,,
S0397,Mensalidade LU F0024 Importador XML - CNPJ Coligada (GTEC),,118,I,Y,Y,Y,,N,N,N,itcService,1,,0,,1,,1,,,,,,,,,
S0398,LU F0022 Indirect Acess - OEM (G2ANA),,118,I,Y,Y,N,,N,N,N,itcService,1,,0,,1,,1,,,,,,,,,
S0399,LU F0022 Indirect Acess - OEM (G2INFO),,118,I,Y,Y,N,,N,N,N,itcService,1,,0,,1,,1,,,,,,,,,
S0400,LU F0022 Indirect Acess - OEM (G2TEC),,118,I,Y,Y,N,,N,N,N,itcService,1,,0,,1,,1,,,,,,,,,
S0401,LU F0022 Limited Logistic - OEM (G2ANA),,118,I,Y,Y,N,,N,N,N,itcService,1,,0,,1,,1,,,,,,,,,
S0402,LU F0022 Limited Logistic - OEM (G2INFO),,118,I,Y,Y,N,,N,N,N,itcService,1,,0,,1,,1,,,,,,,,,
S0403,LU F0022 Limited Logistic - OEM (G2TEC),,118,I,Y,Y,Y,,N,N,N,itcService,1,,0,,1,,1,,,,,,,,,
S0404,LU F0022 Limited CRM - PMC (G2ANA),,118,I,Y,Y,N,,N,N,N,itcService,1,,0,,1,,1,,,,,,,,,
S0405,LU F0022 Limited CRM - PMC (G2INFO),,118,I,Y,Y,N,,N,N,N,itcService,1,,0,,1,,1,,,,,,,,,
S0406,LU F0022 Limited CRM - PMC (G2TEC),,118,I,Y,Y,Y,,N,N,N,itcService,1,,0,,1,,1,,,,,,,,,
S0407,LU F0022 Limited Financial - PMC (G2ANA),,118,I,Y,Y,N,,N,N,N,itcService,1,,0,,1,,1,,,,,,,,,
S0408,LU F0022 Limited Financial - PMC (G2INFO),,118,I,Y,Y,N,,N,N,N,itcService,1,,0,,1,,1,,,,,,,,,
S0409,LU F0022 Limited Financial - PMC (G2TEC),,118,I,Y,Y,Y,,N,N,N,itcService,1,,0,,1,,1,,,,,,,,,
S0410,LU SAP Serviços Banho e Tosa (G2ANA),,118,I,Y,Y,N,,N,N,N,itcService,1,,0,,1,,1,,,,,,,,,
S0411,LU SAP Serviços Banho e Tosa (G2INFO),,118,I,Y,Y,N,,N,N,N,itcService,1,,0,,1,,1,,,,,,,,,
S0412,LU SAP Serviços Banho e Tosa (G2TEC),,118,I,Y,Y,Y,,N,N,N,itcService,1,,0,,1,,1,,,,,,,,,
S0413,LU F0022 - Trace One - Professional (G2ANA),,118,I,Y,Y,N,,N,N,N,itcService,1,,0,,1,,1,,,,,,,,,
S0414,LU F0022 - Trace One - Professional (G2INFO),,118,I,Y,Y,N,,N,N,N,itcService,1,,0,,1,,1,,,,,,,,,
S0415,LU F0022 - Trace One - Professional (G2ANA),,118,I,Y,Y,N,,N,N,N,itcService,1,,0,,1,,1,,,,,,,,,
S0416,LU F0022 Upgrade Professional - SaaS (G2ANA),,118,I,Y,Y,N,,N,N,N,itcService,1,,0,,1,,1,,,,,,,,,
S0417,LU F0022 Upgrade Professional - SaaS (G2INFO),,118,I,Y,Y,N,,N,N,N,itcService,1,,0,,1,,1,,,,,,,,,
S0418,LU F0022 Upgrade Professional - SaaS (G2ANA),,118,I,Y,Y,N,,N,N,N,itcService,1,,0,,1,,1,,,,,,,,,
S0419,LU F0022 Limited CRM - OEM (G2ANA),,118,I,Y,Y,N,,N,N,N,itcService,1,,0,,1,,1,,,,,,,,,
S0420,LU F0022 Limited CRM - OEM (G2INFO),,118,I,Y,Y,N,,N,N,N,itcService,1,,0,,1,,1,,,,,,,,,
S0421,LU F0022 Limited CRM - OEM (G2TEC),,118,I,Y,Y,Y,,N,N,N,itcService,1,,0,,1,,1,,,,,,,,,
S0422,LU F0022 Limited Financial - OEM (G2ANA),,118,I,Y,Y,N,,N,N,N,itcService,1,,0,,1,,1,,,,,,,,,
S0423,LU F0022 Limited Financial - OEM (G2INFO),,118,I,Y,Y,N,,N,N,N,itcService,1,,0,,1,,1,,,,,,,,,
S0424,LU F0022 Limited Financial - OEM (G2TEC),,118,I,Y,Y,Y,,N,N,N,itcService,1,,0,,1,,1,,,,,,,,,
S0425,Mensalidade LU F0024 Combo 7 - (T1 + 6 produtos) CNPJ Matriz (G2ANA),,118,I,Y,Y,N,,N,N,N,itcService,1,,0,,1,,1,,,,,,,,,
S0426,Mensalidade LU F0024 Combo 7 - (T1 + 6 produtos) CNPJ Matriz (G2INFO),,118,I,Y,Y,N,,N,N,N,itcService,1,,0,,1,,1,,,,,,,,,
S0427,Mensalidade LU F0024 Combo 7 - (T1 + 6 produtos) CNPJ Matriz (G2TEC),,118,I,Y,Y,Y,,N,N,N,itcService,1,,0,,1,,1,,,,,,,,,
S0428,LU F0024 - Combo Seven (G2ANA),,118,I,Y,Y,N,,N,N,N,itcService,1,,0,,1,,1,,,,,,,,,
S0429,LU F0024 - Combo Seven (G2INFO),,118,I,Y,Y,N,,N,N,N,itcService,1,,0,,1,,1,,,,,,,,,
S0430,LU F0024 - Combo Seven (G2TEC),,118,I,Y,Y,Y,,N,N,N,itcService,1,,0,,1,,1,,,,,,,,,
S0431,LU F0022 Limited Logistic - On Premisse (G2ANA),,118,I,Y,Y,N,,N,N,N,itcService,1,,0,,1,,1,,,,,,,,,
S0432,LU F0022 Limited Logistic - On Premisse (G2INFO),,118,I,Y,Y,N,,N,N,N,itcService,1,,0,,1,,1,,,,,,,,,
S0433,LU F0022 Limited Logistic - On Premisse (G2TEC),,118,I,Y,Y,Y,,N,N,N,itcService,1,,0,,1,,1,,,,,,,,,
S0434,LU F0022 Limited Financial - On Premisse (G2ANA),,118,I,Y,Y,N,,N,N,N,itcService,1,,0,,1,,1,,,,,,,,,
S0435,LU F0022 Limited Financial - On Premisse (G2INFO),,118,I,Y,Y,N,,N,N,N,itcService,1,,0,,1,,1,,,,,,,,,
S0436,LU F0022 Limited Financial - On Premisse (G2TEC),,118,I,Y,Y,Y,,N,N,N,itcService,1,,0,,1,,1,,,,,,,,,
S0437,LU F0022 - Limited - On Premisse (G2ANA),,118,I,Y,Y,N,,N,N,N,itcService,1,,0,,1,,1,,,,,,,,,
S0438,LU F0022 - Limited - On Premisse (G2INFO),,118,I,Y,Y,N,,N,N,N,itcService,1,,0,,1,,1,,,,,,,,,
S0439,LU F0022 - Limited - On Premisse (G2TEC),,118,I,Y,Y,Y,,N,N,N,itcService,1,,0,,1,,1,,,,,,,,,
S0440,Manutenção Anual - LU Build One Indirect Access - On Premise (OEM/G2ANA),,118,I,Y,Y,N,,N,N,N,itcService,1,,0,,1,,1,,,,,,,,,
S0441,Manutenção Anual - LU Build One Indirect Access - On Premise (OEM),,118,I,Y,Y,N,,N,N,N,itcService,1,,0,,1,,1,,,,,,,,,
S0442,LU F0022 Limited Logistic - PMC (G2ANA),,118,I,Y,Y,N,,N,N,N,itcService,1,,0,,1,,1,,,,,,,,,
S0443,LU F0022 Limited Logistic - PMC (G2INFO),,118,I,Y,Y,N,,N,N,N,itcService,1,,0,,1,,1,,,,,,,,,
S0444,LU F0022 Limited Logistic - PMC (G2TEC),,118,I,Y,Y,Y,,N,N,N,itcService,1,,0,,1,,1,,,,,,,,,
S0445,LU F0022 Upgrade Professional - OEM (G2ANA),,118,I,Y,Y,N,,N,N,N,itcService,1,,0,,1,,1,,,,,,,,,
S0446,LU F0022 Upgrade Professional - OEM (G2INFO),,118,I,Y,Y,N,,N,N,N,itcService,1,,0,,1,,1,,,,,,,,,
S0447,LU F0022 Upgrade Professional - OEM (G2TEC),,118,I,Y,Y,Y,,N,N,N,itcService,1,,0,,1,,1,,,,,,,,,
S0448,Prestação de Serviços - Implantação (G2ANA),,118,I,Y,Y,N,,N,N,N,itcService,1,,0,,1,,1,,,,,,,,,
S0449,Prestação de Serviços - Implantação,,118,I,Y,Y,N,,N,N,N,itcService,1,,0,,1,,1,,,,,,,,,
S0450,Prestação de Serviços - Consultoria Avulsa (G2ANA),,118,I,Y,Y,N,,N,N,N,itcService,1,,0,,1,,1,,,,,,,,,
S0451,Prestação de Serviços - Consultoria Avulsa,,118,I,Y,Y,N,,N,N,N,itcService,1,,0,,1,,1,,,,,,,,,
S0452,Prestação de Serviços - Suporte Avançado Health One,,118,I,Y,Y,N,,N,N,N,itcService,1,,0,,1,,1,,,,,,,,,
S0453,Prestação de Serviços - Suporte Avançado (G2ANA),,118,I,Y,Y,N,,N,N,N,itcService,1,,0,,1,,1,,,,,,,,,
S0454,Prestação de Serviços - Suporte Avançado,,118,I,Y,Y,N,,N,N,N,itcService,1,,0,,1,,1,,,,,,,,,
S0455,Prestação de Serviços - Desenvolvimento (G2ANA),,118,I,Y,Y,N,,N,N,N,itcService,1,,0,,1,,1,,,,,,,,,
S0456,Prestação de Serviços - Desenvolvimento,,118,I,Y,Y,N,,N,N,N,itcService,1,,0,,1,,1,,,,,,,,,
S0457,LU F0022 - Limited - On Premisse (G2ANA),,118,I,Y,Y,N,,N,N,N,itcService,1,,0,,1,,1,,,,,,,,,
S0458,LU F0022 - Limited - On Premisse (G2INFO),,118,I,Y,Y,N,,N,N,N,itcService,1,,0,,1,,1,,,,,,,,,
S0459,LU F0022 - Limited - On Premisse (G2TEC),,118,I,Y,Y,Y,,N,N,N,itcService,1,,0,,1,,1,,,,,,,,,
S0460,LU F0353 - Humanus (G2ANA),,118,I,Y,Y,N,,N,N,N,itcService,1,,0,,1,,1,,,,,,,,,
S0461,LU F0353 - Humanus (G2INFO),,118,I,Y,Y,N,,N,N,N,itcService,1,,0,,1,,1,,,,,,,,,
S0462,LU F0353 - Humanus (G2TEC),,118,I,Y,Y,Y,,N,N,N,itcService,1,,0,,1,,1,,,,,,,,,
S0463,LU B1 Up - Print & Delivery (G2ANA),,118,I,Y,Y,N,,N,N,N,itcService,1,,0,,1,,1,,,,,,,,,
S0464,LU B1 Up - Print & Delivery,,118,I,Y,Y,N,,N,N,N,itcService,1,,0,,1,,1,,,,,,,,,
S0465,LU SAP PDV (G2ANA),,118,I,Y,Y,N,,N,N,N,itcService,1,,0,,1,,1,,,,,,,,,
S0466,LU SAP PDV (G2INFO),,118,I,Y,Y,N,,N,N,N,itcService,1,,0,,1,,1,,,,,,,,,
S0467,LU SAP PDV (G2TEC),,118,I,Y,Y,N,,N,N,N,itcService,1,,0,,1,,1,,,,,,,,,
S0468,Mensalidade LU Supera (G2ANA),,118,I,Y,Y,N,,N,N,N,itcService,1,,0,,1,,1,,,,,,,,,
S0469,Mensalidade LU Supera (G2INFO),,118,I,Y,Y,N,,N,N,N,itcService,1,,0,,1,,1,,,,,,,,,
S0470,Mensalidade LU Supera (G2TEC),,118,I,Y,Y,Y,,N,N,N,itcService,1,,0,,1,,1,,,,,,,,,
S0471,Manutenção On Premisse,,118,I,Y,Y,N,,N,N,N,itcService,1,,0,Usuário,1,Usuário,1,Usuário,,,,,,,,
S0472,Manutenção On Premisse (G2ANA),,118,I,Y,Y,N,,N,N,N,itcService,1,,0,Usuário,1,Usuário,1,Usuário,,,,,,,,
S0473,Manutenção Mensal SAP Business One - SaaS,,118,I,Y,Y,N,,N,N,N,itcService,1,,0,,1,,1,,,,,,,,,
S0474,Manutenção Mensal SAP Business One - SaaS (G2ANA),,118,I,Y,Y,N,,N,N,N,itcService,1,,0,,1,,1,,,,,,,,,
S0475,LU NG Folha  101 até 300 Funcionários / até 5 CNPJs (G2INFO),,118,I,Y,Y,N,,N,N,N,itcService,1,,0,,1,,1,,,,,,,,,
S0476,Manutenção e Suporte ISJ,,118,I,Y,Y,N,,N,N,N,itcService,1,,0,,1,,1,,,,,,,,,
S0477,Multa Rescisória,,118,I,Y,Y,N,,N,N,N,itcService,1,,0,,1,,1,,,,,,,,,
S0478,Multa Rescisória (G2ANA),,118,I,Y,Y,N,,N,N,N,itcService,1,,0,,1,,1,,,,,,,,,
S0479,Cloud Compensation,,118,I,Y,Y,N,,N,N,N,itcService,1,,0,,1,,1,,,,,,,,,
S048,LU Integração (INFO),,118,I,Y,Y,Y,,N,N,N,itcService,1,,0,,1,,1,,,,,,,,,
S0480,Cloud Compensation (G2ANA),,118,I,Y,Y,N,,N,N,N,itcService,1,,0,,1,,1,,,,,,,,,
S0481,LU Health One Professional (OEM) G2INFO,,118,I,Y,Y,N,,N,N,N,itcService,1,,0,,1,,1,,,,,,,,,
S0482,LU Health One Limited - CRM (OEM) G2INFO,,118,I,Y,Y,N,,N,N,N,itcService,1,,0,,1,,1,,,,,,,,,
S0483,Manutenção Mensal B1 UP,,118,I,Y,Y,N,,N,N,N,itcService,1,,0,,1,,1,,,,,,,,,
S0484,Manutenção Mensal Print Delivery,,118,I,Y,Y,N,,N,N,N,itcService,1,,0,,1,,1,,,,,,,,,
S0485,Hosting,,118,I,Y,Y,N,,N,N,N,itcService,1,,0,,1,,1,,,,,,,,,
S0486,Manutenção Anual - LU Health One SPA,,118,I,Y,Y,N,,N,N,N,itcService,1,,0,,1,,1,,,,,,,,,
S0487,Manutenção OEM (G2ANA),,118,I,Y,Y,N,,N,N,N,itcService,1,,0,,1,,1,,,,,,,,,
S0488,Manutenção PMC (G2ANA),,118,I,Y,Y,N,,N,N,N,itcService,1,,0,,1,,1,,,,,,,,,
S0489,Manutenção OEM,,118,I,Y,Y,N,,N,N,N,itcService,1,,0,,1,,1,,,,,,,,,
S049,LU Integração (INFO),,100,I,Y,Y,N,,N,N,N,itcService,1,,0,,1,,1,,,,,,,,,
S0490,Manutenção Triple One,,118,I,Y,Y,N,,N,N,N,itcService,1,,0,,1,,1,,,,,,,,,
S0491,Manutenção Supera (G2ANA),,118,I,Y,Y,N,,N,N,N,itcService,1,,0,,1,,1,,,,,,,,,
S0492,LU Health One Limited - Financial (OEM/G2ANA),,118,I,Y,Y,N,,N,N,N,itcService,1,,0,,1,,1,,,,,,,,,
S0493,Manutenção Mensal - Health One (G2ANA),,118,I,Y,Y,N,,N,N,N,itcService,1,,0,,1,,1,,,,,,,,,
S0494,LU Health One Professional (OEM/G2TEC),,118,I,Y,Y,N,,N,N,N,itcService,1,,0,,1,,1,,,,,,,,,
S0495,LU Health One Limited (OEM/G2TEC),,118,I,Y,Y,N,,N,N,N,itcService,1,,0,,1,,1,,,,,,,,,
S0496,LU Humanus (Rental/G2TEC),,118,I,Y,Y,N,,N,N,N,itcService,1,,0,,1,,1,,,,,,,,,
S0497,LU Integração (G2TEC),,118,I,Y,Y,N,,N,N,N,itcService,1,,0,,1,,1,,,,,,,,,
S0498,Mensalidade - Integração (G2TEC),,118,I,Y,Y,N,,N,N,N,itcService,1,,0,,1,,1,,,,,,,,,
S0499,LU F0024 - NF Mod.21 - 1 CNPJ (G2ANA),,118,I,Y,Y,N,,N,N,N,itcService,1,,0,,1,,1,,,,,,,,,
S0500,LU F0024 - Solução Profis (G2ANA),,118,I,Y,Y,N,,N,N,N,itcService,1,,0,,1,,1,,,,,,,,,
S0501,LU F0022 - DI Server On Premise (G2INFO),,118,I,Y,Y,N,,N,N,N,itcService,1,,0,,1,,1,,,,,,,,,
S0502,Manutenção SAP DI Server On Premise (G2INFO),,118,I,Y,Y,N,,N,N,N,itcService,1,,0,,1,,1,,,,,,,,,
S0503,LU NG Folha  101 até 300 Funcionários / até 5 CNPJs (G2TEC),,118,I,Y,Y,N,,N,N,N,itcService,1,,0,,1,,1,,,,,,,,,
S0504,LU F0440 - Cloud Field Services Starter + 1 Connector SAP,,118,I,Y,Y,N,,N,N,N,itcService,1,,0,,1,,1,,,,,,,,,
S0505,LU F0440 - OP Country Package,,118,I,Y,Y,N,,N,N,N,itcService,1,,0,,1,,1,,,,,,,,,
S0506,LU F0022 - Subscription (G2TEC),,118,I,Y,Y,N,,N,N,N,itcService,1,,0,,1,,1,,,,,,,,,
S0507,LU F0022 - Subscription Professional (G2TEC),,118,I,Y,Y,N,,N,N,N,itcService,1,,0,,1,,1,,,,,,,,,
S0508,LU F0022 - Subscription Limited (G2TEC),,118,I,Y,Y,N,,N,N,N,itcService,1,,0,,1,,1,,,,,,,,,
S0509,LU F0024 - NF-e Importador de Xml e Adm. De Documentos (G2INFO)                          ,,118,I,Y,Y,N,,N,N,N,itcService,1,,0,,1,,1,,,,,,,,,
S0510,LU F0022 - Subscription Starter Package User (G2TEC),,118,I,Y,Y,N,,N,N,N,itcService,1,,0,,1,,1,,,,,,,,,
S0511,Manutenção Subscription (G2TEC),,118,I,Y,Y,N,,N,N,N,itcService,1,,0,,1,,1,,,,,,,,,
S0512,LU F0022 - Subscription Professional (G2INFO),,118,I,Y,Y,N,,N,N,N,itcService,1,,0,,1,,1,,,,,,,,,
S0513,LU F0022 - Subscription Limited (G2INFO),,118,I,Y,Y,N,,N,N,N,itcService,1,,0,,1,,1,,,,,,,,,
S0514,LU Health One Limited (OEM/G2ANA),,118,I,Y,Y,N,,N,N,N,itcService,1,,0,,1,,1,,,,,,,,,
S0515,LU F0126 - NG Folha e Ponto - Até 150 funcionários (G2 ANA),,118,I,Y,Y,N,,N,N,N,itcService,1,,0,,1,,1,,,,,,,,,
S0516,LU F0126 - Cloud Mastermaq (G2 ANA),,118,I,Y,Y,N,,N,N,N,itcService,1,,0,,1,,1,,,,,,,,,
S0517,LU F0126 - Adesão NGFolha e NGPonto (G2 ANA),,118,I,Y,Y,N,,N,N,N,itcService,1,,0,,1,,1,,,,,,,,,
S0518,Comissão Treinamento (G2TEC),,118,I,Y,Y,N,,N,N,N,itcService,1,,0,,1,,1,,,,,,,,,
S0519,Comissão Customização (G2TEC),,118,I,Y,Y,N,,N,N,N,itcService,1,,0,,1,,1,,,,,,,,,
S0520,Comissão Suporte (G2TEC),,118,I,Y,Y,N,,N,N,N,itcService,1,,0,,1,,1,,,,,,,,,
S0521,Comissão Manutenção (G2TEC),,118,I,Y,Y,N,,N,N,N,itcService,1,,0,,1,,1,,,,,,,,,
S0522,Manutenção Professional OEM (G2TEC),,118,I,Y,Y,N,,N,N,N,itcService,1,,0,,1,,1,,,,,,,,,
S0523,Manutenção Limited OEM (G2TEC),,118,I,Y,Y,N,,N,N,N,itcService,1,,0,,1,,1,,,,,,,,,
S0524,Manutenção Anual - SAP Business One (G2INFO),,118,I,Y,Y,N,,N,N,N,itcService,1,,0,,1,,1,,,,,,,,,
S0525,Manutenção Anual - LU DI Server (G2INFO),,118,I,Y,Y,N,,N,N,N,itcService,1,,0,,1,,1,,,,,,,,,
S0526,Manutenção Anual - SAP Business One (G2ANA),,118,I,Y,Y,N,,N,N,N,itcService,1,,0,,1,,1,,,,,,,,,
S0527,Manutenção Anual - SAP Business One (G2TEC),,118,I,Y,Y,N,,N,N,N,itcService,1,,0,,1,,1,,,,,,,,,
S0528,LU F0022 - Subscription Starter Package User (G2INFO),,116,I,Y,Y,N,,N,N,N,itcService,1,,0,,1,,1,,,,,,1,1,,
S0529,Manutenção Subscription (G2INFO),,118,I,Y,Y,N,,N,N,N,itcService,1,,0,,1,,1,,,,,,,,,
S0530,Manutenção Anual - B1 Up,,118,I,Y,Y,N,,N,N,N,itcService,1,,0,,1,,1,,,,,,,,,
S0531,LU NG Folha - mais de 6 CNPJ's (G2INFO),LU NG Folha - mais de 6 CNPJ's (G2INFO),118,I,Y,Y,N,,N,N,N,itcService,1,,0,,1,,1,,,,,,,,,
S0532,Planning,,118,I,Y,Y,N,,N,N,N,itcService,1,,0,,1,,1,,,,,,,,,
S0533,Manutenção Planning,,118,I,Y,Y,N,,N,N,N,itcService,1,,0,,1,,1,,,,,,,,,
S0534,LU F0024 - Combo Seven para Hana (G2TEC),,118,I,Y,Y,N,,N,N,N,itcService,1,,0,,1,,1,,,,,,,,,
S0535,Hosting (G2ANA),,118,I,Y,Y,N,,N,N,N,itcService,1,,0,,1,,1,,,,,,,,,
S0636,Vinho Tinto - Brindes,,100,I,Y,Y,N,,N,N,N,itcService,1,,0,,1,,1,,,,,,,,,
S0637,Hospedagem Microsoft (G2 ANA),,118,I,Y,Y,N,,N,N,N,itcService,1,,0,,1,,1,,,,,,,,,
S0638,LU F0146 TaxOne DFe (G2TEC),,100,I,Y,Y,N,,N,N,N,itcService,1,,0,,1,,1,,,,,,,,,
S0639,LU F0022 - Subscription Limited (G2ANA),,118,I,Y,Y,N,,N,N,N,itcService,1,,0,,1,,1,,,,,,,,,
S0640,LU F0701 - Bytes até 17.999 assinantes,,100,I,Y,Y,N,,N,N,N,itcService,1,,0,,1,,1,,,,,,,,,
S0641,LU F0701 - Bytes até 5.999 assinantes (G2CONS),,100,I,Y,Y,N,,N,N,N,itcService,1,,0,,1,,1,,,,,,,,,
S0642,Prestação de Serviços - Implantação Byte/Telco (G2 CONS),,100,I,Y,Y,N,,N,N,N,itcService,1,,0,,1,,1,,,,,,,,,
S0643,LU F0024 ICMS - Conv 115 CNPJ Filial (G2TEC),,100,I,Y,Y,N,,N,N,N,itcService,1,,0,,1,,1,,,,,,,,,
S0644,LU F0724 Add-on PDV One (G2CONS),,100,I,Y,Y,N,,N,N,N,itcService,1,,0,,1,,1,,,,,,,,,
S0645,LU F0022 - Subscription (G2INFO),,100,I,Y,Y,N,,N,N,N,itcService,1,,0,,1,,1,,,,,,,,,
S0646,LU F0146 Solução ContractOne (G2CONS),,100,I,Y,Y,N,,N,N,N,itcService,1,,0,,1,,1,,,,,,,,,
S0647,Prestação de Serviços - GP (TEC),,100,I,Y,Y,N,,N,N,N,itcService,1,,0,,1,,1,,,,,,,,,
S0648,Prestação de Serviços - Implantação Superabank,,100,I,Y,Y,N,,N,N,N,itcService,1,,0,,1,,1,,,,,,,,,
S0649,Prestação de Serviços - Implantação Contract One,,100,I,Y,Y,N,,N,N,N,itcService,1,,0,,1,,1,,,,,,,,,
S0650,Prestação de Serviços - Implantação Skill,,100,I,Y,Y,N,,N,N,N,itcService,1,,0,,1,,1,,,,,,,,,
S0651,Cloud Hibrido( G2 Cons),,100,I,Y,Y,N,,N,N,N,itcService,1,,0,,1,,1,,,,,,,,,
S0652,Cloud Dedicado (G2CONS),,100,I,Y,Y,N,,N,N,N,itcService,1,,0,,1,,1,,,,,,,,,
S0653,Boyum LU P&D ( G2 Consul),,100,I,Y,Y,N,,N,N,N,itcService,1,,0,,1,,1,,,,,,,,,
S0654,Boyum,,100,I,Y,Y,N,,N,N,N,itcService,1,,0,,1,,1,,,,,,,,,
S0655,Cloud Semi Dedicado (G2CONS),,100,I,Y,Y,N,,N,N,N,itcService,1,,0,,1,,1,,,,,,,,,
S0656,Prestação de serviços- Suporte SAP (G2Cons),,100,I,Y,Y,N,,N,N,N,itcService,1,,0,,1,,1,,,,,,,,,
S0657,LU F0146 Fiscal e Bancário (G2CONS),,116,I,Y,Y,N,,N,N,N,itcService,1,,0,,1,,1,,,,,,1,1,,
S0658,LU PDV One(G2Consu),,100,I,Y,Y,N,,N,N,N,itcService,1,,0,,1,,1,,,,,,,,,
S0659,LU F0024 - DAIP MG (G2CONS),,100,I,Y,Y,N,,N,N,N,itcService,1,,0,,1,,1,,,,,,,,,
S0660,LU F0024 - Combo Fiscal 2021 (G2CONS),,100,I,Y,Y,N,,N,N,N,itcService,1,,0,,1,,1,,,,,,,,,
S0661,LU F0024 - Combo Fiscal 2021 (G2TEC),,100,I,Y,Y,N,,N,N,N,itcService,1,,0,,1,,1,,,,,,,,,
S0662,LU F0024 - Combo Fiscal 2021 (G2ANA),,100,I,Y,Y,N,,N,N,N,itcService,1,,0,,1,,1,,,,,,,,,
S0663,LU F0146 NF-e - On Demand (G2TEC),,118,I,Y,Y,N,,N,N,N,itcService,1,,0,,1,,1,,,,,,,,,
S0664,LU F0024 Importador XML - On Demand (G2TEC),,116,I,Y,Y,N,,N,N,N,itcService,1,,0,,1,,1,,,,,,1,1,,
S0665,LU F0609 - Smart CNPJ (G2 CONS),,100,I,Y,Y,N,,N,N,N,itcService,1,,0,,1,,1,,,,,,,,,
S0666,LU F0609 - Smart CEP (G2 CONS),,100,I,Y,Y,N,,N,N,N,itcService,1,,0,,1,,1,,,,,,,,,
S0667,LU F0609 - Webservice (G2CONS),,100,I,Y,Y,N,,N,N,N,itcService,1,,0,,1,,1,,,,,,,,,
S0668,LU F0609 - Webservice (G2ANA),,100,I,Y,Y,N,,N,N,N,itcService,1,,0,,1,,1,,,,,,,,,
S0669,LU F0609 - Webservice (G2TEC),,100,I,Y,Y,N,,N,N,N,itcService,1,,0,,1,,1,,,,,,,,,
S0670,Prestação de Serviços - GP (G2ANA),,100,I,Y,Y,N,,N,N,N,itcService,1,,0,,1,,1,,,,,,,,,
S0671,LU F0146 MDF-e - On Demand (G2 Cons),,118,I,Y,Y,N,,N,N,N,itcService,1,,0,,1,,1,,,,,,,,,
S0672,LU F0024- Adm. de documentos(G2INFO),,100,I,Y,Y,N,,N,N,N,itcService,1,,0,,1,,1,,,,,,,,,
S0673,LU F0024- Livro do DF(G2INFO),,100,I,Y,Y,N,,N,N,N,itcService,1,,0,,1,,1,,,,,,,,,
S0674,LU F0146 Importador XML - On Demand (G2TEC),,100,I,Y,Y,N,,N,N,N,itcService,1,,0,,1,,1,,,,,,,,,
S0675,LU F0616 - Excedente Cloud GB (G2CONS),,100,I,Y,Y,N,,N,N,N,itcService,1,,0,,1,,1,,,,,,,,,
S0676,LU F0616 - Excedente Cloud GB (G2TEC),,100,I,Y,Y,N,,N,N,N,itcService,1,,0,,1,,1,,,,,,,,,
S0677,LU F0616 - Excedente Cloud GB (G2ANA),,100,I,Y,Y,N,,N,N,N,itcService,1,,0,,1,,1,,,,,,,,,
S0678,LU F0024 FCI One - CNPJ Matriz (G2TEC),,118,I,Y,Y,N,,N,N,N,itcService,1,,0,,1,,1,,,,,,,,,
S0679,LU F0024 Importador XML -  Extreme (CNPJ Matriz/G2TEC),,118,I,Y,Y,N,,N,N,N,itcService,1,,0,,1,,1,,,,,,,,,
S0680,LU F0146 - Integration Bank (G2TEC),,100,I,Y,Y,N,,N,N,N,itcService,1,,0,,1,,1,,,,,,,,,
S0681,LU F0146 - GIA/GIA-ST (G2ANA),,100,I,Y,Y,N,,N,N,N,itcService,1,,0,,1,,1,,,,,,,,,
S0682,LU Add-on Ativo G2 (G2CONS),,100,I,Y,Y,N,,N,N,N,itcService,1,,0,,1,,1,,,,,,,,,
S0683,LU Add-on Ativo G2 (G2ANA),,100,I,Y,Y,N,,N,N,N,itcService,1,,0,,1,,1,,,,,,,,,
S0684,LU Add-on Ativo G2 (G2TEC),,100,I,Y,Y,N,,N,N,N,itcService,1,,0,,1,,1,,,,,,,,,
S0685,LU F0146 - Combo Smart Solutions (G2CONS),,100,I,Y,Y,N,,N,N,N,itcService,1,,0,,1,,1,,,,,,,,,
S0686,LU F0146 - Combo Smart Solutions (G2ANA),,100,I,Y,Y,N,,N,N,N,itcService,1,,0,,1,,1,,,,,,,,,
S0687,LU F0146 - Combo Smart Solutions (G2TEC),,100,I,Y,Y,N,,N,N,N,itcService,1,,0,,1,,1,,,,,,,,,
S0688,LU Solução Bancária (G2TEC),,100,I,Y,Y,N,,N,N,N,itcService,1,,0,,1,,1,,,,,,,,,
S0689,LU SmartSell (G2CONS),,100,I,Y,Y,N,,N,N,N,itcService,1,,0,,1,,1,,,,,,,,,
S0690,LU SmartSell (G2ANA),,100,I,Y,Y,N,,N,N,N,itcService,1,,0,,1,,1,,,,,,,,,
S0691,LU SmartSell (G2TEC),,100,I,Y,Y,N,,N,N,N,itcService,1,,0,,1,,1,,,,,,,,,
S0692,Prestação de Serviços - Implantação Byte/Telco (G2 ANA),,100,I,Y,Y,N,,N,N,N,itcService,1,,0,,1,,1,,,,,,,,,
S0693,LU Sintegra WS (G2 CONS),,100,I,Y,Y,N,,N,N,N,itcService,1,,0,,1,,1,,,,,,,,,
S0694,LU Sintegra WS (G2 ANA),,100,I,Y,Y,N,,N,N,N,itcService,1,,0,,1,,1,,,,,,,,,
S0695,LU Sintegra WS (G2 TEC),,100,I,Y,Y,N,,N,N,N,itcService,1,,0,,1,,1,,,,,,,,,
S0696,LU F0024 DocPay (G2 CONS),,116,I,Y,Y,N,,N,N,N,itcService,1,,0,,1,,1,,,,,,1,1,,
S0697,LU F0024 DocPay (G2 TEC),,116,I,Y,Y,N,,N,N,N,itcService,1,,0,,1,,1,,,,,,1,1,,
S0698,LU F0024 DocPay (G2 ANA),,100,I,Y,Y,N,,N,N,N,itcService,1,,0,,1,,1,,,,,,,,,
S0699,Manutenção Anual - Invent (G2CONS),,100,I,Y,Y,N,,N,N,N,itcService,1,,0,,1,,1,,,,,,,,,
S0700,Manutenção Anual - Invent (G2ANA),,100,I,Y,Y,N,,N,N,N,itcService,1,,0,,1,,1,,,,,,,,,
S0701,Manutenção Anual - Invent (G2TEC),,100,I,Y,Y,N,,N,N,N,itcService,1,,0,,1,,1,,,,,,,,,
S0702,LU F0024 - REINF (G2TEC),,116,I,Y,Y,N,,N,N,N,itcService,1,,0,Usuário,1,Usuário,1,Usuário,,,,,1,1,,
S0703,LU F0024 - NF-e + NFS-e (G2TEC),,100,I,Y,Y,N,,N,N,N,itcService,1,,0,,1,,1,,,,,,,,,
S0704,LU F0022 - Indirect Acess Instance Subscription (G2INFO),,116,I,Y,Y,N,,N,N,N,itcService,1,,0,,1,,1,,,,,,1,1,,
S0705,Prestação de Serviços - Implantação Invent,,118,I,Y,Y,N,,N,N,N,itcService,1,,0,,1,,1,,,,,,,,,
S0706,LU F0146 - BankPlus (G2INFO),,100,I,Y,Y,N,,N,N,N,itcService,1,,0,,1,,1,,,,,,,,,
S0707,LU F0024 ICMS - Conv 115 CNPJ Filial (G2INFO),,100,I,Y,Y,N,,N,N,N,itcService,1,,0,,1,,1,,,,,,,,,
S0708,LU F0146 - Integration Bank (G2INFO),,118,I,Y,Y,N,,N,N,N,itcService,1,,0,,1,,1,,,,,,,,,
S0709,LU F0024 SPED Fiscal (G2TEC),,100,I,Y,Y,N,,N,N,N,itcService,1,,0,,1,,1,,,,,,,,,
S0710,LU F0024 - NF-e + Importador XML + Adm de Documentos (G2CONS),,100,I,Y,Y,N,,N,N,N,itcService,1,,0,,1,,1,,,,,,,,,
S0711,LU F0024 - NF-e + Importador XML + Adm de Documentos (G2TEC),,100,I,Y,Y,N,,N,N,N,itcService,1,,0,,1,,1,,,,,,,,,
S0712,LU F0024 - NF-e + Importador XML + Adm de Documentos (G2ANA),,100,I,Y,Y,N,,N,N,N,itcService,1,,0,,1,,1,,,,,,,,,
S0713,LU F0024 - Modulo Assist (G2CONS),,100,I,Y,Y,N,,N,N,N,itcService,1,,0,,1,,1,,,,,,,,,
S0714,LU F0024 - Modulo Assist (G2ANA),,100,I,Y,Y,N,,N,N,N,itcService,1,,0,,1,,1,,,,,,,,,
S0751,LU Cloud Van Bancária (G2ANA),,100,I,Y,Y,N,,N,N,N,itcService,1,,0,,1,,1,,,,,,,,,
S0752,LU API Telco (G2CONS),,100,I,Y,Y,N,,N,N,N,itcService,1,,0,,1,,1,,,,,,,,,ITEM REF. A INFRA (CLOUD) OLHAR NOS ANEXOS
S0753,LU Service Layer (G2CONS),,100,I,Y,Y,N,,N,N,N,itcService,1,,0,,1,,1,,,,,,,,,ITEM REF. A INFRA (CLOUD) OLHAR NOS ANEXOS
S0754,LU F0024 - Upgrade Combo Fiscal 1 CNPJ (G2CONS),,100,I,Y,Y,N,,N,N,N,itcService,1,,0,,1,,1,,,,,,,,,
S0755,Energy By G2 - Setup,,118,I,Y,Y,N,,N,N,N,itcService,1,,0,,1,,1,,,,,,,,,
S0756,Horas de Melhoria Contínua (G2CONS),,100,I,Y,Y,N,,N,N,N,itcService,1,,0,,1,,1,,,,,,,,,
S0757,Horas de Melhoria Contínua (G2ANA),,118,I,Y,Y,N,,N,N,N,itcService,1,,0,,1,,1,,,,,,,,,
S0758,Horas de Melhoria Contínua (G2TEC),,100,I,Y,Y,N,,N,N,N,itcService,1,,0,,1,,1,,,,,,,,,
S0759,LU Cloud Híbrido (G2CONS),,115,I,Y,Y,N,,N,N,N,itcService,1,,0,,1,,1,,,,,,,,,
S0760,LU F0024 - NF-e + T10 Import-XML Extreme + T10 NF-e Adm de documentos Extreme (G2CONS),,116,I,Y,Y,N,,N,N,N,itcService,1,,0,Usuário,1,Usuário,1,Usuário,,,,,1,1,,
S0761,LU F0024 - EFD-Reinf (G2CONS),,116,I,Y,Y,N,,N,N,N,itcService,1,,0,Usuário,1,Usuário,1,Usuário,,,,,1,1,,
S0762,LU F0604 - Antivírus Cloud (G2CONS),,100,I,Y,Y,N,,N,N,N,itcService,1,,0,,1,,1,,,,,,,,,
S0763,LU F0604 - Backup (G2CONS),,100,I,Y,Y,N,,N,N,N,itcService,1,,0,,1,,1,,,,,,,,,
S0764,LU F0604 - Disco (G2CONS),,100,I,Y,Y,N,,N,N,N,itcService,1,,0,,1,,1,,,,,,,,,
S0765,LU F0024 - NF-e + T10 Import-XML Extreme + T10 NF-e Adm de documentos Extreme,,100,I,Y,Y,N,,N,N,N,itcService,1,,0,,1,,1,,,,,,,,,
S0766,LU F0024 NF-e - CNPJ Filial (G2TEC),,116,I,Y,Y,N,,N,N,N,itcService,1,,0,Usuário,1,Usuário,1,Usuário,,,,,1,1,,
S0767,LU F0024 Importador XML - CNPJ Matriz (G2TEC),,118,I,Y,Y,N,,N,N,N,itcService,1,,0,,1,,1,,,,,,,,,
S0768,LU F0024 NF-e - CNPJ Matriz (G2TEC),,116,I,Y,Y,N,,N,N,N,itcService,1,,0,Usuário,1,Usuário,1,Usuário,,,,,1,1,,
S0769,LU F0024 Triple One - CNPJ Matriz (G2TEC),,116,I,Y,Y,N,,N,N,N,itcService,1,,0,Usuário,1,Usuário,1,Usuário,,,,,1,1,,
S0770,LU F0024 FCI One - On Demand (G2TEC),,116,I,Y,Y,N,,N,N,N,itcService,1,,0,Usuário,1,Usuário,1,Usuário,,,,,1,1,,
S0771,LU F0024 NFS-e - On Demand (G2TEC),,116,I,Y,Y,N,,N,N,N,itcService,1,,0,Usuário,1,Usuário,1,Usuário,,,,,1,1,,
S0772,LU F0024 NFS-e - CNPJ Matriz (G2TEC),,116,I,Y,Y,N,,N,N,N,itcService,1,,0,Usuário,1,Usuário,1,Usuário,,,,,1,1,,
S0773,Upgrade para M6.16xlarge.8 - 64 Vcpu e 512 Gb Memoria,,100,I,Y,Y,N,,N,N,N,itcService,1,,0,,1,,1,,,,,,,,,
S0774,Upgrade de Servidores (G2CONS),,100,I,Y,Y,N,,N,N,N,itcService,1,,0,,1,,1,,,,,,,,,
S0799,LU Portal DIM,,100,I,Y,Y,N,,N,N,N,itcService,1,,0,,1,,1,,,,,,,,,
S0800,LU F0022 - Subscription Indirect Acc by non-empl,,100,I,Y,Y,N,,N,N,N,itcService,1,,0,,1,,1,,,,,,,,,
S0801,LU Cloud - SkyOne,,100,I,Y,Y,N,,N,N,N,itcService,1,,0,,1,,1,,,,,,,,,
S0802,LU F1054 - Integração GB,,100,I,Y,Y,N,,N,N,N,itcService,1,,0,,1,,1,,,,,,,,,
S0803,LU F1054 - Manutenção da Integração,,100,I,Y,Y,N,,N,N,N,itcService,1,,0,,1,,1,,,,,,,,,
S0804,LU F0024 Triple One - CNPJ Matriz (G2TEC),,116,I,Y,Y,N,,N,N,N,itcService,1,,0,,1,,1,,,,,,1,1,,
S0805,LU Superabank - On Demand (G2TEC),,116,I,Y,Y,N,,N,N,N,itcService,1,,0,,1,,1,,,,,,1,1,,
S0806,LU F0146 - Combo Basic Solutions,,100,I,Y,Y,N,,N,N,N,itcService,1,,0,,1,,1,,,,,,,,,
S0807,LU F0024 NFS-e - CNPJ Filial (G2TEC),,118,I,Y,Y,N,,N,N,N,itcService,1,,0,,1,,1,,,,,,,,,
S0808,LU F0022 Limited - PMC (G2TEC),,118,I,Y,Y,N,,N,N,N,itcService,1,,0,,1,,1,,,,,,,,,
S0809,LU F0024  Combo 1 - (T1 + 1 produto) CNPJ Matriz,,100,I,Y,Y,N,,N,N,N,itcService,1,,0,,1,,1,,,,,,,,,
S0810,LU F0024 Triple One - CNPJ Filial (G2TEC),,100,I,Y,Y,N,,N,N,N,itcService,1,,0,,1,,1,,,,,,,,,
S0811,Assistência Psicológica,,100,I,Y,Y,N,,N,N,N,itcService,1,,0,,1,,1,,,,,,,,,
S0812,Eventos e Comemorações,,118,I,Y,Y,N,,N,N,N,itcService,1,,0,,1,,1,,,,,,,,,
S0813,Medicina do Trabalho,,118,I,Y,Y,N,,N,N,N,itcService,1,,0,,1,,1,,,,,,,,,
S0814,Assessoria de Imprensa,,118,I,Y,Y,N,,N,N,N,itcService,1,,0,,1,,1,,,,,,,,,
S0815,Edificações e Benfeitorias em Imóveis de Terceiros,,118,I,Y,Y,N,,N,N,N,itcService,1,,0,,1,,1,,,,,,,,,
S0832,LU B1 Up - On Demand (G2TEC),,116,I,Y,Y,N,,N,N,N,itcService,1,,0,,1,,1,,,,,,1,1,,
S0833,Taxa de Administração - Invoice (Boyum It),,116,I,Y,Y,N,,N,N,N,itcService,1,,0,,1,,1,,,,,,1,1,,
S0834,Tarifa IOF - Invoice (Boyum It),,116,I,Y,Y,N,,N,N,N,itcService,1,,0,,1,,1,,,,,,1,1,,
S0835,PIS,,100,I,Y,N,N,,N,N,N,itcService,1,,0,,1,,1,,,,,,,,,
S0836,COFINS,,100,I,Y,N,N,,N,N,N,itcService,1,,0,,1,,1,,,,,,,,,
S0837,Data Integration SkyOne,,116,I,Y,Y,N,,N,N,N,itcService,1,,0,,1,,1,,,,,,1,1,,
S0838,Simples Nacional - Parcelamento,,100,I,Y,N,N,,N,N,N,itcService,1,,0,,1,,1,,,,,,,,,
S0839,Simples Nacional - Juros,,100,I,Y,N,N,,N,N,N,itcService,1,,0,,1,,1,,,,,,,,,
S0840,Simples Nacional - Multa,,100,I,Y,N,N,,N,N,N,itcService,1,,0,,1,,1,,,,,,,,,
S0841,Melhoria Contínua (Cortesia),,118,I,Y,Y,N,,N,N,N,itcService,1,,0,,1,,1,,,,,,,,,
S0842,Gestão Cloud G2 (Cortesia),,115,I,Y,Y,N,,N,N,N,itcService,1,,0,,1,,1,,,,,,,,,
S0843,Prestação de Serviços - Suporte Avançado (Cortesia),,118,I,Y,Y,N,,N,N,N,itcService,1,,0,,1,,1,,,,,,,,,
